{"stat.walkOneCm":36794,"stat.pickup.minecraft.stick":14,"stat.craftItem.minecraft.planks":28,"stat.damageTaken":70,"stat.craftItem.minecraft.crafting_table":1,"stat.useItem.minecraft.wooden_pickaxe":15,"stat.mineBlock.quark.slate":11,"stat.pickup.minecraft.log":12,"stat.craftItem.dungeontactics.fire_starter":1,"stat.flyOneCm":804,"stat.pickup.dynamictrees.spruceseed":4,"stat.drop":3,"stat.jump":61,"stat.swimOneCm":4543,"stat.playOneMinute":11529,"stat.fallOneCm":753,"stat.pickup.quark.slate":11,"stat.pickup.zawa.care_guide":3,"stat.timeSinceDeath":11529,"stat.useItem.minecraft.wooden_axe":1,"stat.pickup.minecraft.dirt":3,"stat.sprintOneCm":4130,"stat.drop.zawa.care_guide":3,"stat.mineBlock.minecraft.dirt":4,"stat.useItem.minecraft.stone_slab2":1,"stat.craftItem.minecraft.wooden_pickaxe":1,"stat.diveOneCm":491,"stat.craftItem.minecraft.wooden_axe":2,"stat.craftingTableInteraction":1}