{"stat.walkOneCm":70360,"stat.pickup.minecraft.stick":20,"stat.leaveGame":1,"stat.craftItem.minecraft.crafting_table":1,"stat.mineBlock.minecraft.double_plant":1,"stat.mineBlock.quark.slate":11,"stat.pickup.minecraft.log":14,"stat.jump":143,"stat.swimOneCm":11486,"stat.pickup.dungeontactics.fire_starter":1,"stat.fallOneCm":2252,"stat.entityKilledBy.Skeleton":2,"stat.pickup.quark.slate":11,"stat.pickup.minecraft.dirt":54,"stat.useItem.minecraft.dirt":26,"stat.sprintOneCm":11240,"stat.useItem.minecraft.stone_slab2":8,"stat.craftItem.minecraft.wooden_axe":2,"stat.craftingTableInteraction":3,"stat.useItem.dungeontactics.fire_starter":4,"stat.craftItem.minecraft.planks":28,"stat.pickup.minecraft.wooden_pickaxe":1,"stat.damageTaken":493,"stat.useItem.minecraft.wooden_pickaxe":30,"stat.craftItem.dungeontactics.fire_starter":2,"stat.flyOneCm":2732,"stat.pickup.dynamictrees.spruceseed":6,"stat.deaths":2,"stat.drop":3,"stat.playOneMinute":22196,"stat.damageDealt":10,"stat.pickup.zawa.care_guide":3,"stat.timeSinceDeath":781,"stat.useItem.minecraft.wooden_axe":1,"stat.drop.zawa.care_guide":3,"stat.mineBlock.minecraft.dirt":34,"stat.craftItem.minecraft.wooden_pickaxe":1,"stat.diveOneCm":1976}