{"stat.walkOneCm":129787,"stat.pickup.minecraft.stick":27,"stat.leaveGame":1,"stat.craftItem.minecraft.crafting_table":1,"stat.mineBlock.minecraft.double_plant":1,"stat.mineBlock.quark.slate":11,"stat.pickup.dungeontactics.cherry_bomb":1,"stat.pickup.minecraft.log":21,"stat.jump":331,"stat.swimOneCm":25256,"stat.pickup.dungeontactics.fire_starter":1,"stat.fallOneCm":4281,"stat.useItem.dynamictrees.spruceseed":1,"stat.climbOneCm":590,"stat.entityKilledBy.Skeleton":2,"stat.pickup.minecraft.carrot":32,"stat.pickup.quark.slate":11,"stat.mineBlock.minecraft.wool":2,"stat.pickup.minecraft.dirt":56,"stat.useItem.minecraft.dirt":26,"stat.sprintOneCm":16765,"stat.useItem.minecraft.stone_slab2":8,"stat.craftItem.minecraft.wooden_axe":2,"stat.craftingTableInteraction":3,"stat.useItem.dungeontactics.fire_starter":4,"stat.craftItem.minecraft.planks":28,"stat.pickup.minecraft.wooden_pickaxe":1,"stat.damageTaken":773,"stat.useItem.minecraft.wooden_pickaxe":30,"stat.pickup.dungeontactics.bush_cherrybomb":1,"stat.useItem.dungeontactics.cherry_bomb":1,"stat.craftItem.dungeontactics.fire_starter":2,"stat.flyOneCm":3812,"stat.pickup.dynamictrees.spruceseed":10,"stat.deaths":3,"stat.drop":3,"stat.pickup.minecraft.wheat_seeds":35,"stat.mineBlock.dungeontactics.bush_cherrybomb":1,"stat.playOneMinute":34796,"stat.pickup.minecraft.torch":8,"stat.pickup.minecraft.wool":2,"stat.damageDealt":10,"stat.pickup.zawa.care_guide":3,"stat.timeSinceDeath":7690,"stat.useItem.minecraft.wooden_axe":1,"stat.drop.zawa.care_guide":3,"stat.mineBlock.minecraft.dirt":37,"stat.craftItem.minecraft.wooden_pickaxe":1,"stat.diveOneCm":5912,"stat.pickup.minecraft.wheat":2}