{"stat.pickup.minecraft.pumpkin":1,"stat.entityKilledBy.grimoireofgaia.spriggan":1,"stat.leaveGame":3,"stat.mineBlock.minecraft.pumpkin":1,"stat.pickup.minecraft.wooden_pressure_plate":1,"stat.pickup.minecraft.stone_pickaxe":1,"stat.entityKilledBy.Witch":1,"stat.pickup.dungeontactics.cherry_bomb":1,"stat.entityKilledBy.grimoireofgaia.siren":1,"stat.jump":1039,"stat.swimOneCm":49142,"stat.pickup.dungeontactics.fire_starter":1,"stat.pickup.dungeontactics.flower_sanguine":1,"stat.fallOneCm":12142,"stat.useItem.dynamictrees.spruceseed":1,"stat.climbOneCm":590,"stat.pickup.minecraft.carrot":36,"stat.pickup.quark.slate":11,"stat.pickup.minecraft.spider_eye":1,"stat.pickup.minecraft.dirt":62,"stat.useItem.minecraft.dirt":26,"stat.useItem.minecraft.stone_slab2":9,"stat.mineBlock.futuremc.lily_of_the_valley":3,"stat.craftingTableInteraction":4,"stat.entityKilledBy.mod_lavacow.mimic":1,"stat.pickup.minecraft.rotten_flesh":3,"stat.useItem.dungeontactics.fire_starter":4,"stat.pickup.mod_lavacow.glowshroom":4,"stat.mineBlock.minecraft.wooden_pressure_plate":1,"stat.entityKilledBy.Spider":2,"stat.useItem.minecraft.egg":2,"stat.pickup.minecraft.wooden_pickaxe":1,"stat.damageTaken":4672,"stat.pickup.minecraft.feather":1,"stat.mineBlock.zawa.dried_bamboo":1,"stat.mineBlock.minecraft.torch":2,"stat.useItem.minecraft.wooden_pickaxe":30,"stat.entityKilledBy.grimoireofgaia.nine_tails":2,"stat.pickup.dungeontactics.bush_cherrybomb":5,"stat.useItem.dungeontactics.cherry_bomb":1,"stat.craftItem.dungeontactics.fire_starter":2,"stat.flyOneCm":33435,"stat.pickup.dynamictrees.spruceseed":11,"tombstone:undead_killed":1,"stat.pickup.minecraft.wheat_seeds":79,"stat.mineBlock.dungeontactics.bush_cherrybomb":3,"stat.pickup.minecraft.emerald_block":1,"stat.entityKilledBy.Zombie":2,"stat.useItem.minecraft.stone_sword":50,"stat.damageDealt":805,"stat.pickup.zawa.dried_bamboo":3,"stat.timeSinceDeath":1049,"stat.mineBlock.minecraft.dirt":43,"stat.craftItem.minecraft.wooden_pickaxe":1,"stat.drop.minecraft.stick":1,"stat.walkOneCm":424021,"stat.useItem.minecraft.torch":9,"stat.pickup.minecraft.stick":27,"stat.pickup.zawa.golden_sparks":2,"stat.craftItem.minecraft.crafting_table":1,"stat.mineBlock.minecraft.double_plant":1,"stat.mineBlock.quark.slate":11,"stat.mineBlock.futuremc.cornflower":1,"stat.pickup.mod_lavacow.mimic_claw":1,"stat.pickup.minecraft.log":21,"stat.pickup.minecraft.string":3,"stat.mineBlock.dungeontactics.flower_sanguine":1,"stat.mineBlock.zawa.golden_sparks":2,"stat.entityKilledBy.Skeleton":3,"stat.entityKilledBy.grimoireofgaia.minotaurus":1,"stat.mineBlock.minecraft.wool":2,"stat.sprintOneCm":114689,"stat.craftItem.minecraft.wooden_axe":2,"stat.craftItem.minecraft.planks":28,"stat.pickup.futuremc.lily_of_the_valley":3,"stat.pickup.futuremc.cornflower":1,"stat.pickup.dungeontactics.stone_shield":1,"stat.killEntity.Spider":1,"stat.pickup.minecraft.stone_sword":2,"stat.mineBlock.mod_lavacow.glowshroom":3,"stat.mobKills":1,"stat.entityKilledBy.Creeper":1,"stat.deaths":18,"stat.drop":12,"stat.pickup.minecraft.egg":5,"stat.playOneMinute":94281,"stat.pickup.zawa.peach_flower":1,"stat.pickup.minecraft.torch":10,"stat.drop.tombstone.grave_key":8,"stat.pickup.tombstone.grave_key":5,"stat.pickup.minecraft.wool":2,"stat.killEntity.Zombie":1,"stat.pickup.zawa.care_guide":3,"stat.useItem.minecraft.wooden_axe":1,"stat.mineBlock.zawa.peach_flower":1,"stat.pickup.minecraft.yellow_flower":1,"stat.drop.zawa.care_guide":3,"stat.mineBlock.minecraft.tallgrass":17,"stat.diveOneCm":17367,"stat.pickup.minecraft.wheat":8}