{"stat.leaveGame":2,"stat.pickup.minecraft.wooden_pressure_plate":1,"stat.pickup.minecraft.stone_pickaxe":1,"stat.pickup.dungeontactics.cherry_bomb":1,"stat.jump":746,"stat.swimOneCm":43411,"stat.pickup.dungeontactics.fire_starter":1,"stat.pickup.dungeontactics.flower_sanguine":1,"stat.fallOneCm":8196,"stat.useItem.dynamictrees.spruceseed":1,"stat.climbOneCm":590,"stat.pickup.minecraft.carrot":36,"stat.pickup.quark.slate":11,"stat.pickup.minecraft.dirt":56,"stat.useItem.minecraft.dirt":26,"stat.useItem.minecraft.stone_slab2":8,"stat.craftingTableInteraction":4,"stat.entityKilledBy.mod_lavacow.mimic":1,"stat.pickup.minecraft.rotten_flesh":1,"stat.useItem.dungeontactics.fire_starter":4,"stat.pickup.mod_lavacow.glowshroom":2,"stat.mineBlock.minecraft.wooden_pressure_plate":1,"stat.entityKilledBy.Spider":1,"stat.pickup.minecraft.wooden_pickaxe":1,"stat.damageTaken":3057,"stat.pickup.minecraft.feather":1,"stat.mineBlock.minecraft.torch":2,"stat.useItem.minecraft.wooden_pickaxe":30,"stat.entityKilledBy.grimoireofgaia.nine_tails":2,"stat.pickup.dungeontactics.bush_cherrybomb":5,"stat.useItem.dungeontactics.cherry_bomb":1,"stat.craftItem.dungeontactics.fire_starter":2,"stat.flyOneCm":19007,"stat.pickup.dynamictrees.spruceseed":10,"stat.pickup.minecraft.wheat_seeds":76,"stat.mineBlock.dungeontactics.bush_cherrybomb":3,"stat.pickup.minecraft.emerald_block":1,"stat.entityKilledBy.Zombie":2,"stat.useItem.minecraft.stone_sword":21,"stat.damageDealt":378,"stat.timeSinceDeath":1395,"stat.mineBlock.minecraft.dirt":37,"stat.craftItem.minecraft.wooden_pickaxe":1,"stat.drop.minecraft.stick":1,"stat.walkOneCm":314341,"stat.pickup.minecraft.stick":27,"stat.craftItem.minecraft.crafting_table":1,"stat.mineBlock.minecraft.double_plant":1,"stat.mineBlock.quark.slate":11,"stat.pickup.minecraft.log":21,"stat.mineBlock.dungeontactics.flower_sanguine":1,"stat.entityKilledBy.Skeleton":3,"stat.mineBlock.minecraft.wool":2,"stat.sprintOneCm":64130,"stat.craftItem.minecraft.wooden_axe":2,"stat.craftItem.minecraft.planks":28,"stat.pickup.dungeontactics.stone_shield":1,"stat.pickup.minecraft.stone_sword":2,"stat.mineBlock.mod_lavacow.glowshroom":1,"stat.deaths":12,"stat.drop":9,"stat.pickup.minecraft.egg":3,"stat.playOneMinute":70469,"stat.pickup.minecraft.torch":10,"stat.drop.tombstone.grave_key":5,"stat.pickup.tombstone.grave_key":2,"stat.pickup.minecraft.wool":2,"stat.pickup.zawa.care_guide":3,"stat.useItem.minecraft.wooden_axe":1,"stat.drop.zawa.care_guide":3,"stat.mineBlock.minecraft.tallgrass":3,"stat.diveOneCm":14943,"stat.pickup.minecraft.wheat":8}