{"stat.pickup.minecraft.pumpkin":1,"stat.leaveGame":3,"stat.mineBlock.minecraft.pumpkin":1,"stat.pickup.minecraft.wooden_pressure_plate":1,"stat.pickup.minecraft.stone_pickaxe":1,"stat.pickup.dungeontactics.cherry_bomb":1,"stat.entityKilledBy.grimoireofgaia.siren":1,"stat.jump":887,"stat.swimOneCm":45823,"stat.pickup.dungeontactics.fire_starter":1,"stat.pickup.dungeontactics.flower_sanguine":1,"stat.fallOneCm":10448,"stat.useItem.dynamictrees.spruceseed":1,"stat.climbOneCm":590,"stat.pickup.minecraft.carrot":36,"stat.pickup.quark.slate":11,"stat.pickup.minecraft.dirt":62,"stat.useItem.minecraft.dirt":26,"stat.useItem.minecraft.stone_slab2":8,"stat.mineBlock.futuremc.lily_of_the_valley":3,"stat.craftingTableInteraction":4,"stat.entityKilledBy.mod_lavacow.mimic":1,"stat.pickup.minecraft.rotten_flesh":1,"stat.useItem.dungeontactics.fire_starter":4,"stat.pickup.mod_lavacow.glowshroom":4,"stat.mineBlock.minecraft.wooden_pressure_plate":1,"stat.entityKilledBy.Spider":1,"stat.pickup.minecraft.wooden_pickaxe":1,"stat.damageTaken":3647,"stat.pickup.minecraft.feather":1,"stat.mineBlock.zawa.dried_bamboo":1,"stat.mineBlock.minecraft.torch":2,"stat.useItem.minecraft.wooden_pickaxe":30,"stat.entityKilledBy.grimoireofgaia.nine_tails":2,"stat.pickup.dungeontactics.bush_cherrybomb":5,"stat.useItem.dungeontactics.cherry_bomb":1,"stat.craftItem.dungeontactics.fire_starter":2,"stat.flyOneCm":25436,"stat.pickup.dynamictrees.spruceseed":10,"stat.pickup.minecraft.wheat_seeds":77,"stat.mineBlock.dungeontactics.bush_cherrybomb":3,"stat.pickup.minecraft.emerald_block":1,"stat.entityKilledBy.Zombie":2,"stat.useItem.minecraft.stone_sword":21,"stat.damageDealt":386,"stat.pickup.zawa.dried_bamboo":3,"stat.timeSinceDeath":7679,"stat.mineBlock.minecraft.dirt":43,"stat.craftItem.minecraft.wooden_pickaxe":1,"stat.drop.minecraft.stick":1,"stat.walkOneCm":367524,"stat.pickup.minecraft.stick":27,"stat.pickup.zawa.golden_sparks":2,"stat.craftItem.minecraft.crafting_table":1,"stat.mineBlock.minecraft.double_plant":1,"stat.mineBlock.quark.slate":11,"stat.pickup.mod_lavacow.mimic_claw":1,"stat.pickup.minecraft.log":21,"stat.mineBlock.dungeontactics.flower_sanguine":1,"stat.mineBlock.zawa.golden_sparks":2,"stat.entityKilledBy.Skeleton":3,"stat.mineBlock.minecraft.wool":2,"stat.sprintOneCm":86799,"stat.craftItem.minecraft.wooden_axe":2,"stat.craftItem.minecraft.planks":28,"stat.pickup.futuremc.lily_of_the_valley":3,"stat.pickup.dungeontactics.stone_shield":1,"stat.pickup.minecraft.stone_sword":2,"stat.mineBlock.mod_lavacow.glowshroom":3,"stat.entityKilledBy.Creeper":1,"stat.deaths":14,"stat.drop":11,"stat.pickup.minecraft.egg":3,"stat.playOneMinute":81681,"stat.pickup.zawa.peach_flower":1,"stat.pickup.minecraft.torch":10,"stat.drop.tombstone.grave_key":7,"stat.pickup.tombstone.grave_key":4,"stat.pickup.minecraft.wool":2,"stat.pickup.zawa.care_guide":3,"stat.useItem.minecraft.wooden_axe":1,"stat.mineBlock.zawa.peach_flower":1,"stat.drop.zawa.care_guide":3,"stat.mineBlock.minecraft.tallgrass":6,"stat.diveOneCm":15601,"stat.pickup.minecraft.wheat":8}