{"stat.walkOneCm":72545,"stat.pickup.minecraft.stick":9,"stat.leaveGame":1,"stat.pickup.minecraft.crafting_table":3,"stat.craftItem.minecraft.crafting_table":1,"stat.furnaceInteraction":4,"stat.pickup.dungeontactics.cherry_bomb":3,"stat.mineBlock.minecraft.coal_ore":21,"stat.killEntity.mod_lavacow.zombiepiranha":2,"stat.talkedToVillager":3,"stat.entityKilledBy.grimoireofgaia.siren":1,"stat.pickup.minecraft.log":8,"stat.jump":308,"stat.swimOneCm":19837,"stat.pickup.zawa.worm":1,"stat.pickup.minecraft.coal":41,"stat.fallOneCm":5698,"stat.climbOneCm":150,"stat.pickup.minecraft.furnace":1,"stat.drop.dungeontactics.cherry_bomb":1,"stat.pickup.minecraft.dirt":6,"stat.useItem.minecraft.dirt":3,"stat.sprintOneCm":40319,"stat.useItem.minecraft.stone_slab2":8,"stat.craftItem.minecraft.wooden_axe":1,"stat.craftItem.minecraft.stick":4,"stat.craftingTableInteraction":5,"stat.craftItem.minecraft.furnace":1,"stat.entityKilledBy.Rogue":1,"stat.craftItem.minecraft.planks":12,"stat.craftItem.mod_lavacow.zombiepiranha_item_cooked":2,"stat.drop.zawa.worm":1,"stat.damageTaken":1114,"stat.mineBlock.minecraft.crafting_table":3,"stat.pickup.mod_lavacow.zombiepiranha_item":2,"stat.useItem.futuremc.sweet_berries":9,"stat.craftItem.minecraft.stone_pickaxe":1,"stat.mineBlock.minecraft.furnace":1,"stat.useItem.minecraft.wooden_pickaxe":3,"stat.entityKilledBy.grimoireofgaia.nine_tails":2,"stat.pickup.minecraft.cobblestone":22,"stat.mobKills":2,"stat.pickup.minecraft.planks":12,"stat.pickup.futuremc.sweet_berries":17,"stat.useItem.dungeontactics.cherry_bomb":2,"stat.pickup.dungeontactics.iron_cluster":5,"stat.craftItem.minecraft.stone_sword":1,"stat.flyOneCm":31657,"stat.deaths":4,"stat.pickup.dynamictrees.spruceseed":4,"tombstone:undead_killed":2,"stat.drop":3,"stat.playOneMinute":32867,"stat.useItem.minecraft.stone_pickaxe":46,"stat.useItem.minecraft.stone_sword":2,"stat.sneakTime":3,"stat.damageDealt":193,"stat.mineBlock.minecraft.iron_ore":5,"stat.pickup.zawa.care_guide":1,"stat.timeSinceDeath":10852,"stat.useItem.minecraft.wooden_axe":14,"stat.drop.zawa.care_guide":1,"stat.mineBlock.minecraft.dirt":5,"stat.craftItem.minecraft.wooden_pickaxe":1,"stat.mineBlock.minecraft.stone":22,"stat.diveOneCm":22323}