{"stat.walkOneCm":33752,"stat.entityKilledBy.Rogue":1,"stat.pickup.minecraft.stick":6,"stat.craftItem.minecraft.planks":12,"stat.leaveGame":1,"stat.pickup.minecraft.crafting_table":2,"stat.damageTaken":734,"stat.mineBlock.minecraft.crafting_table":2,"stat.craftItem.minecraft.crafting_table":1,"stat.craftItem.minecraft.stone_pickaxe":1,"stat.useItem.minecraft.wooden_pickaxe":3,"stat.entityKilledBy.grimoireofgaia.nine_tails":2,"stat.pickup.minecraft.cobblestone":10,"stat.pickup.minecraft.planks":12,"stat.pickup.minecraft.log":3,"stat.flyOneCm":15207,"stat.deaths":3,"stat.drop":1,"stat.jump":134,"stat.swimOneCm":10780,"stat.playOneMinute":20267,"stat.fallOneCm":3362,"stat.useItem.minecraft.stone_pickaxe":7,"stat.damageDealt":32,"stat.pickup.zawa.care_guide":1,"stat.timeSinceDeath":1892,"stat.useItem.minecraft.wooden_axe":4,"stat.pickup.minecraft.dirt":1,"stat.drop.zawa.care_guide":1,"stat.sprintOneCm":21386,"stat.useItem.minecraft.stone_slab2":3,"stat.craftItem.minecraft.wooden_pickaxe":1,"stat.mineBlock.minecraft.stone":10,"stat.diveOneCm":17666,"stat.craftItem.minecraft.wooden_axe":1,"stat.craftingTableInteraction":3}