{"stat.walkOneCm":110911,"stat.useItem.minecraft.torch":1,"stat.pickup.dungeontactics.bag_magic":1,"stat.pickup.minecraft.wooden_slab":1,"stat.pickup.minecraft.stick":10,"stat.leaveGame":1,"stat.pickup.minecraft.crafting_table":5,"stat.pickup.minecraft.stone_pickaxe":1,"stat.craftItem.minecraft.crafting_table":1,"stat.furnaceInteraction":10,"stat.pickup.dungeontactics.cherry_bomb":3,"stat.mineBlock.minecraft.coal_ore":21,"stat.pickup.tombstone.familiar_stone":1,"stat.killEntity.mod_lavacow.zombiepiranha":2,"stat.talkedToVillager":3,"stat.entityKilledBy.grimoireofgaia.siren":1,"stat.pickup.minecraft.log":8,"stat.jump":339,"stat.swimOneCm":19837,"stat.pickup.zawa.worm":1,"stat.pickup.minecraft.coal":78,"stat.fallOneCm":6176,"stat.climbOneCm":150,"stat.pickup.minecraft.iron_pickaxe":1,"stat.pickup.minecraft.furnace":3,"stat.drop.dungeontactics.cherry_bomb":1,"stat.craftItem.minecraft.stone_slab2":0,"stat.drop.minecraft.stone_sword":1,"stat.crouchOneCm":24,"stat.craftItem.minecraft.iron_ingot":5,"stat.craftItem.minecraft.torch":4,"stat.pickup.minecraft.dirt":6,"stat.useItem.minecraft.dirt":3,"stat.sprintOneCm":40777,"stat.useItem.minecraft.stone_slab2":12,"stat.craftItem.minecraft.wooden_axe":1,"stat.craftItem.minecraft.stick":4,"stat.craftingTableInteraction":14,"stat.pickup.minecraft.rotten_flesh":2,"stat.craftItem.minecraft.furnace":1,"stat.entityKilledBy.Rogue":1,"stat.craftItem.minecraft.planks":32,"stat.useItem.minecraft.iron_sword":5,"stat.craftItem.mod_lavacow.zombiepiranha_item_cooked":2,"stat.craftItem.dungeontactics.stone_shield":1,"stat.drop.zawa.worm":1,"stat.damageTaken":1585,"stat.mineBlock.minecraft.crafting_table":5,"stat.pickup.mod_lavacow.zombiepiranha_item":2,"stat.useItem.futuremc.sweet_berries":15,"stat.pickup.minecraft.stone_sword":1,"stat.craftItem.minecraft.stone_pickaxe":1,"stat.mineBlock.minecraft.furnace":3,"stat.useItem.minecraft.wooden_pickaxe":3,"stat.entityKilledBy.grimoireofgaia.nine_tails":2,"stat.pickup.minecraft.cobblestone":22,"stat.mobKills":6,"stat.mineBlock.minecraft.wooden_slab":3,"stat.pickup.minecraft.planks":12,"stat.pickup.futuremc.sweet_berries":17,"stat.useItem.dungeontactics.cherry_bomb":2,"stat.pickup.dungeontactics.iron_cluster":5,"stat.craftItem.minecraft.stone_sword":2,"stat.flyOneCm":33306,"stat.deaths":5,"stat.pickup.dynamictrees.spruceseed":4,"tombstone:undead_killed":5,"stat.drop":4,"stat.craftItem.dungeontactics.iron_shield":1,"stat.playOneMinute":44567,"stat.entityKilledBy.Zombie":1,"stat.useItem.minecraft.stone_pickaxe":48,"stat.craftItem.minecraft.wooden_slab":6,"stat.useItem.minecraft.stone_sword":27,"stat.sneakTime":272,"stat.damageDealt":1080,"stat.mineBlock.minecraft.iron_ore":5,"stat.killEntity.Zombie":3,"stat.pickup.zawa.care_guide":1,"stat.timeSinceDeath":5331,"stat.useItem.minecraft.wooden_axe":19,"stat.pickup.dungeontactics.magic_scroll":1,"stat.drop.zawa.care_guide":1,"stat.mineBlock.minecraft.dirt":5,"stat.craftItem.minecraft.wooden_pickaxe":1,"stat.mineBlock.minecraft.stone":22,"stat.useItem.minecraft.wooden_slab":3,"stat.diveOneCm":22323,"stat.craftItem.minecraft.iron_sword":1}