{"stat.pickup.minecraft.bone":1,"stat.pickup.dungeontactics.bag_magic":1,"stat.pickup.minecraft.wooden_slab":3,"stat.leaveGame":3,"stat.pickup.minecraft.stone_pickaxe":1,"stat.mineBlock.minecraft.yellow_flower":1,"stat.pickup.dungeontactics.cherry_bomb":8,"stat.pickup.tombstone.familiar_stone":1,"stat.entityKilledBy.grimoireofgaia.siren":1,"stat.useItem.mod_lavacow.zombiepiranha_item_cooked":2,"stat.swimOneCm":34593,"stat.pickup.zawa.worm":1,"stat.climbOneCm":150,"stat.mineBlock.minecraft.web":1,"stat.mineBlock.minecraft.spruce_stairs":1,"stat.useItem.minecraft.dirt":3,"stat.useItem.minecraft.stone_slab2":28,"stat.pickup.minecraft.rotten_flesh":4,"stat.pickup.zawa.river_stone":1,"stat.pickup.minecraft.sand":2,"stat.craftItem.minecraft.furnace":1,"stat.pickup.zawa.carnivore_meat_raw":1,"stat.craftItem.minecraft.stone_axe":1,"stat.craftItem.minecraft.stone_pickaxe":1,"stat.pickup.minecraft.cobblestone":28,"stat.mineBlock.minecraft.wooden_slab":3,"stat.pickup.minecraft.gold_block":2,"stat.pickup.futuremc.sweet_berries":17,"stat.pickup.dungeontactics.iron_cluster":7,"stat.craftItem.minecraft.stone_sword":2,"stat.flyOneCm":137105,"stat.pickup.dynamictrees.spruceseed":4,"stat.mineBlock.minecraft.emerald_block":8,"stat.mineBlock.quark.custom_chest":1,"stat.craftItem.minecraft.wooden_slab":6,"stat.mineBlock.minecraft.iron_ore":7,"stat.timeSinceDeath":9845,"stat.pickup.dungeontactics.magic_scroll":1,"stat.useItem.minecraft.iron_pickaxe":38,"stat.craftItem.minecraft.wooden_pickaxe":1,"stat.useItem.minecraft.wooden_slab":3,"stat.killEntity.mod_lavacow.parasite":1,"stat.pickup.minecraft.stonebrick":4,"stat.furnaceInteraction":16,"stat.mineBlock.minecraft.coal_ore":32,"stat.mineBlock.futuremc.cornflower":1,"stat.talkedToVillager":3,"stat.craftItem.minecraft.stone_hoe":1,"stat.entityKilledBy.grimoireofgaia.harpy":3,"stat.pickup.minecraft.string":2,"stat.killEntity.mod_lavacow.mimic":2,"stat.pickup.minecraft.furnace":4,"stat.drop.dungeontactics.cherry_bomb":1,"stat.entityKilledBy.Skeleton":1,"stat.craftItem.minecraft.stone_slab2":0,"stat.sprintOneCm":108959,"stat.craftItem.minecraft.wooden_axe":1,"stat.craftItem.minecraft.stick":4,"stat.craftItem.mod_lavacow.zombiepiranha_item_cooked":2,"stat.craftItem.dungeontactics.stone_shield":1,"stat.useItem.minecraft.wheat_seeds":53,"stat.pickup.mod_lavacow.zombiepiranha_item":2,"stat.mineBlock.minecraft.crafting_table":5,"stat.pickup.minecraft.emerald":8,"stat.mineBlock.zawa.river_stone":1,"stat.pickup.dynamictrees.oakseed":1,"stat.deaths":14,"stat.drop":4,"stat.playOneMinute":80166,"stat.craftItem.minecraft.emerald":63,"stat.killEntity.Zombie":6,"stat.pickup.zawa.care_guide":1,"stat.mineBlock.minecraft.tallgrass":23,"stat.diveOneCm":35572,"stat.pickup.minecraft.arrow":1,"stat.pickup.minecraft.stone_axe":1,"stat.useItem.minecraft.apple":3,"stat.killEntity.mod_lavacow.zombiepiranha":2,"stat.mineBlock.minecraft.gold_block":2,"stat.jump":891,"stat.useItem.minecraft.sand":1,"stat.pickup.minecraft.coal":105,"stat.fallOneCm":20143,"stat.pickup.zawa.tiger_fur":2,"stat.craftItem.minecraft.lever":1,"stat.drop.minecraft.stone_sword":1,"stat.crouchOneCm":24,"stat.craftItem.minecraft.iron_ingot":7,"stat.craftItem.minecraft.torch":4,"stat.craftItem.zawa.tranquilizer_gun":1,"stat.entityKilledBy.grimoireofgaia.werecat":1,"stat.pickup.minecraft.dirt":32,"stat.useItem.minecraft.cooked_chicken":1,"stat.craftingTableInteraction":23,"stat.pickup.quark.custom_chest":1,"stat.drop.zawa.worm":1,"stat.damageTaken":4201,"stat.useItem.futuremc.sweet_berries":17,"stat.pickup.minecraft.feather":1,"stat.mineBlock.minecraft.furnace":4,"stat.useItem.minecraft.wooden_pickaxe":3,"stat.entityKilledBy.grimoireofgaia.nine_tails":2,"stat.pickup.minecraft.planks":12,"stat.useItem.dungeontactics.cherry_bomb":7,"tombstone:undead_killed":9,"stat.pickup.minecraft.wheat_seeds":81,"stat.pickup.minecraft.emerald_block":7,"stat.entityKilledBy.Zombie":2,"stat.useItem.minecraft.stone_pickaxe":48,"stat.useItem.minecraft.stone_sword":27,"stat.damageDealt":5060,"stat.mineBlock.minecraft.dirt":8,"stat.craftItem.minecraft.iron_sword":1,"stat.walkOneCm":228727,"stat.useItem.minecraft.torch":2,"stat.useItem.minecraft.bread":1,"stat.pickup.minecraft.stick":14,"stat.craftItem.quark.custom_chest":2,"stat.pickup.minecraft.crafting_table":5,"stat.craftItem.minecraft.crafting_table":2,"stat.pickup.mod_lavacow.mimic_claw":2,"stat.pickup.minecraft.log":29,"stat.pickup.minecraft.iron_pickaxe":1,"stat.useItem.tombstone.gift":1,"stat.entityKilledBy.grimoireofgaia.minotaurus":3,"stat.craftItem.minecraft.gold_ingot":18,"stat.pickup.minecraft.chicken":1,"stat.pickup.minecraft.apple":3,"stat.killEntity.Skeleton":1,"stat.entityKilledBy.Rogue":1,"stat.mineBlock.minecraft.stonebrick":4,"stat.craftItem.minecraft.planks":112,"stat.useItem.minecraft.iron_sword":120,"stat.killEntity.Chicken":1,"stat.pickup.futuremc.cornflower":1,"stat.pickup.minecraft.stone_sword":1,"stat.pickup.minecraft.bread":2,"stat.mobKills":22,"stat.useItem.minecraft.stonebrick":2,"stat.craftItem.minecraft.cooked_chicken":1,"stat.useItem.minecraft.stone_hoe":56,"stat.craftItem.dungeontactics.iron_shield":1,"stat.pickup.minecraft.torch":8,"stat.pickup.minecraft.spruce_stairs":1,"stat.sneakTime":311,"stat.useItem.minecraft.wooden_axe":23,"stat.drop.zawa.care_guide":1,"stat.mineBlock.minecraft.stone":28}